N_Gap,Enriched_Seq,Contributing_Seq
1N,TAAACAN,TAAACAA
1N,TAAACAN,TAAACAC
1N,TAAACAN,TAAACAG
1N,TAAACAN,TAAACAT
1N,ACAACAN,ACAACAA
1N,ACAACAN,ACAACAC
1N,ACAACAN,ACAACAG
1N,ACAACAN,ACAACAT
1N,NACAAAC,AACAAAC
1N,NACAAAC,CACAAAC
1N,NACAAAC,GACAAAC
1N,NACAAAC,TACAAAC
1N,NACAACA,AACAACA
1N,NACAACA,CACAACA
1N,NACAACA,GACAACA
1N,NACAACA,TACAACA
1N,CAAACAN,CAAACAA
1N,CAAACAN,CAAACAC
1N,CAAACAN,CAAACAG
1N,CAAACAN,CAAACAT
1N,NGTAAAC,AGTAAAC
1N,NGTAAAC,CGTAAAC
1N,NGTAAAC,GGTAAAC
1N,NGTAAAC,TGTAAAC
1N,GATGCAN,GATGCAA
1N,GATGCAN,GATGCAC
1N,GATGCAN,GATGCAG
1N,GATGCAN,GATGCAT
1N,NAACAAC,AAACAAC
1N,NAACAAC,CAACAAC
1N,NAACAAC,GAACAAC
1N,NAACAAC,TAACAAC
1N,ANCAACA,AACAACA
1N,ANCAACA,ACCAACA
1N,ANCAACA,AGCAACA
1N,ANCAACA,ATCAACA
1N,ATAACAN,ATAACAA
1N,ATAACAN,ATAACAC
1N,ATAACAN,ATAACAG
1N,ATAACAN,ATAACAT
2N,GATGCNN,GATGCAA
2N,GATGCNN,GATGCAC
2N,GATGCNN,GATGCAG
2N,GATGCNN,GATGCAT
2N,GATGCNN,GATGCCA
2N,GATGCNN,GATGCCC
2N,GATGCNN,GATGCCG
2N,GATGCNN,GATGCCT
2N,GATGCNN,GATGCGA
2N,GATGCNN,GATGCGC
2N,GATGCNN,GATGCGG
2N,GATGCNN,GATGCGT
2N,GATGCNN,GATGCTA
2N,GATGCNN,GATGCTC
2N,GATGCNN,GATGCTG
2N,GATGCNN,GATGCTT
2N,NNCAACA,AACAACA
2N,NNCAACA,ACCAACA
2N,NNCAACA,AGCAACA
2N,NNCAACA,ATCAACA
2N,NNCAACA,CACAACA
2N,NNCAACA,CCCAACA
2N,NNCAACA,CGCAACA
2N,NNCAACA,CTCAACA
2N,NNCAACA,GACAACA
2N,NNCAACA,GCCAACA
2N,NNCAACA,GGCAACA
2N,NNCAACA,GTCAACA
2N,NNCAACA,TACAACA
2N,NNCAACA,TCCAACA
2N,NNCAACA,TGCAACA
2N,NNCAACA,TTCAACA
2N,ATGCANN,ATGCAAA
2N,ATGCANN,ATGCAAC
2N,ATGCANN,ATGCAAG
2N,ATGCANN,ATGCAAT
2N,ATGCANN,ATGCACA
2N,ATGCANN,ATGCACC
2N,ATGCANN,ATGCACG
2N,ATGCANN,ATGCACT
2N,ATGCANN,ATGCAGA
2N,ATGCANN,ATGCAGC
2N,ATGCANN,ATGCAGG
2N,ATGCANN,ATGCAGT
2N,ATGCANN,ATGCATA
2N,ATGCANN,ATGCATC
2N,ATGCANN,ATGCATG
2N,ATGCANN,ATGCATT
2N,NNAAACA,AAAAACA
2N,NNAAACA,ACAAACA
2N,NNAAACA,AGAAACA
2N,NNAAACA,ATAAACA
2N,NNAAACA,CAAAACA
2N,NNAAACA,CCAAACA
2N,NNAAACA,CGAAACA
2N,NNAAACA,CTAAACA
2N,NNAAACA,GAAAACA
2N,NNAAACA,GCAAACA
2N,NNAAACA,GGAAACA
2N,NNAAACA,GTAAACA
2N,NNAAACA,TAAAACA
2N,NNAAACA,TCAAACA
2N,NNAAACA,TGAAACA
2N,NNAAACA,TTAAACA
2N,NAAACAN,AAAACAA
2N,NAAACAN,AAAACAC
2N,NAAACAN,AAAACAG
2N,NAAACAN,AAAACAT
2N,NAAACAN,CAAACAA
2N,NAAACAN,CAAACAC
2N,NAAACAN,CAAACAG
2N,NAAACAN,CAAACAT
2N,NAAACAN,GAAACAA
2N,NAAACAN,GAAACAC
2N,NAAACAN,GAAACAG
2N,NAAACAN,GAAACAT
2N,NAAACAN,TAAACAA
2N,NAAACAN,TAAACAC
2N,NAAACAN,TAAACAG
2N,NAAACAN,TAAACAT
2N,AATGCNN,AATGCAA
2N,AATGCNN,AATGCAC
2N,AATGCNN,AATGCAG
2N,AATGCNN,AATGCAT
2N,AATGCNN,AATGCCA
2N,AATGCNN,AATGCCC
2N,AATGCNN,AATGCCG
2N,AATGCNN,AATGCCT
2N,AATGCNN,AATGCGA
2N,AATGCNN,AATGCGC
2N,AATGCNN,AATGCGG
2N,AATGCNN,AATGCGT
2N,AATGCNN,AATGCTA
2N,AATGCNN,AATGCTC
2N,AATGCNN,AATGCTG
2N,AATGCNN,AATGCTT
2N,ATGCGNN,ATGCGAA
2N,ATGCGNN,ATGCGAC
2N,ATGCGNN,ATGCGAG
2N,ATGCGNN,ATGCGAT
2N,ATGCGNN,ATGCGCA
2N,ATGCGNN,ATGCGCC
2N,ATGCGNN,ATGCGCG
2N,ATGCGNN,ATGCGCT
2N,ATGCGNN,ATGCGGA
2N,ATGCGNN,ATGCGGC
2N,ATGCGNN,ATGCGGG
2N,ATGCGNN,ATGCGGT
2N,ATGCGNN,ATGCGTA
2N,ATGCGNN,ATGCGTC
2N,ATGCGNN,ATGCGTG
2N,ATGCGNN,ATGCGTT
2N,NCAACAN,ACAACAA
2N,NCAACAN,ACAACAC
2N,NCAACAN,ACAACAG
2N,NCAACAN,ACAACAT
2N,NCAACAN,CCAACAA
2N,NCAACAN,CCAACAC
2N,NCAACAN,CCAACAG
2N,NCAACAN,CCAACAT
2N,NCAACAN,GCAACAA
2N,NCAACAN,GCAACAC
2N,NCAACAN,GCAACAG
2N,NCAACAN,GCAACAT
2N,NCAACAN,TCAACAA
2N,NCAACAN,TCAACAC
2N,NCAACAN,TCAACAG
2N,NCAACAN,TCAACAT
2N,NATGCAN,AATGCAA
2N,NATGCAN,AATGCAC
2N,NATGCAN,AATGCAG
2N,NATGCAN,AATGCAT
2N,NATGCAN,CATGCAA
2N,NATGCAN,CATGCAC
2N,NATGCAN,CATGCAG
2N,NATGCAN,CATGCAT
2N,NATGCAN,GATGCAA
2N,NATGCAN,GATGCAC
2N,NATGCAN,GATGCAG
2N,NATGCAN,GATGCAT
2N,NATGCAN,TATGCAA
2N,NATGCAN,TATGCAC
2N,NATGCAN,TATGCAG
2N,NATGCAN,TATGCAT
2N,ATGCNNC,ATGCAAC
2N,ATGCNNC,ATGCACC
2N,ATGCNNC,ATGCAGC
2N,ATGCNNC,ATGCATC
2N,ATGCNNC,ATGCCAC
2N,ATGCNNC,ATGCCCC
2N,ATGCNNC,ATGCCGC
2N,ATGCNNC,ATGCCTC
2N,ATGCNNC,ATGCGAC
2N,ATGCNNC,ATGCGCC
2N,ATGCNNC,ATGCGGC
2N,ATGCNNC,ATGCGTC
2N,ATGCNNC,ATGCTAC
2N,ATGCNNC,ATGCTCC
2N,ATGCNNC,ATGCTGC
2N,ATGCNNC,ATGCTTC
3N,ATGCNNN,ATGCAAA
3N,ATGCNNN,ATGCAAC
3N,ATGCNNN,ATGCAAG
3N,ATGCNNN,ATGCAAT
3N,ATGCNNN,ATGCACA
3N,ATGCNNN,ATGCACC
3N,ATGCNNN,ATGCACG
3N,ATGCNNN,ATGCACT
3N,ATGCNNN,ATGCAGA
3N,ATGCNNN,ATGCAGC
3N,ATGCNNN,ATGCAGG
3N,ATGCNNN,ATGCAGT
3N,ATGCNNN,ATGCATA
3N,ATGCNNN,ATGCATC
3N,ATGCNNN,ATGCATG
3N,ATGCNNN,ATGCATT
3N,ATGCNNN,ATGCCAA
3N,ATGCNNN,ATGCCAC
3N,ATGCNNN,ATGCCAG
3N,ATGCNNN,ATGCCAT
3N,ATGCNNN,ATGCCCA
3N,ATGCNNN,ATGCCCC
3N,ATGCNNN,ATGCCCG
3N,ATGCNNN,ATGCCCT
3N,ATGCNNN,ATGCCGA
3N,ATGCNNN,ATGCCGC
3N,ATGCNNN,ATGCCGG
3N,ATGCNNN,ATGCCGT
3N,ATGCNNN,ATGCCTA
3N,ATGCNNN,ATGCCTC
3N,ATGCNNN,ATGCCTG
3N,ATGCNNN,ATGCCTT
3N,ATGCNNN,ATGCGAA
3N,ATGCNNN,ATGCGAC
3N,ATGCNNN,ATGCGAG
3N,ATGCNNN,ATGCGAT
3N,ATGCNNN,ATGCGCA
3N,ATGCNNN,ATGCGCC
3N,ATGCNNN,ATGCGCG
3N,ATGCNNN,ATGCGCT
3N,ATGCNNN,ATGCGGA
3N,ATGCNNN,ATGCGGC
3N,ATGCNNN,ATGCGGG
3N,ATGCNNN,ATGCGGT
3N,ATGCNNN,ATGCGTA
3N,ATGCNNN,ATGCGTC
3N,ATGCNNN,ATGCGTG
3N,ATGCNNN,ATGCGTT
3N,ATGCNNN,ATGCTAA
3N,ATGCNNN,ATGCTAC
3N,ATGCNNN,ATGCTAG
3N,ATGCNNN,ATGCTAT
3N,ATGCNNN,ATGCTCA
3N,ATGCNNN,ATGCTCC
3N,ATGCNNN,ATGCTCG
3N,ATGCNNN,ATGCTCT
3N,ATGCNNN,ATGCTGA
3N,ATGCNNN,ATGCTGC
3N,ATGCNNN,ATGCTGG
3N,ATGCNNN,ATGCTGT
3N,ATGCNNN,ATGCTTA
3N,ATGCNNN,ATGCTTC
3N,ATGCNNN,ATGCTTG
3N,ATGCNNN,ATGCTTT
3N,NATGCNN,AATGCAA
3N,NATGCNN,AATGCAC
3N,NATGCNN,AATGCAG
3N,NATGCNN,AATGCAT
3N,NATGCNN,AATGCCA
3N,NATGCNN,AATGCCC
3N,NATGCNN,AATGCCG
3N,NATGCNN,AATGCCT
3N,NATGCNN,AATGCGA
3N,NATGCNN,AATGCGC
3N,NATGCNN,AATGCGG
3N,NATGCNN,AATGCGT
3N,NATGCNN,AATGCTA
3N,NATGCNN,AATGCTC
3N,NATGCNN,AATGCTG
3N,NATGCNN,AATGCTT
3N,NATGCNN,CATGCAA
3N,NATGCNN,CATGCAC
3N,NATGCNN,CATGCAG
3N,NATGCNN,CATGCAT
3N,NATGCNN,CATGCCA
3N,NATGCNN,CATGCCC
3N,NATGCNN,CATGCCG
3N,NATGCNN,CATGCCT
3N,NATGCNN,CATGCGA
3N,NATGCNN,CATGCGC
3N,NATGCNN,CATGCGG
3N,NATGCNN,CATGCGT
3N,NATGCNN,CATGCTA
3N,NATGCNN,CATGCTC
3N,NATGCNN,CATGCTG
3N,NATGCNN,CATGCTT
3N,NATGCNN,GATGCAA
3N,NATGCNN,GATGCAC
3N,NATGCNN,GATGCAG
3N,NATGCNN,GATGCAT
3N,NATGCNN,GATGCCA
3N,NATGCNN,GATGCCC
3N,NATGCNN,GATGCCG
3N,NATGCNN,GATGCCT
3N,NATGCNN,GATGCGA
3N,NATGCNN,GATGCGC
3N,NATGCNN,GATGCGG
3N,NATGCNN,GATGCGT
3N,NATGCNN,GATGCTA
3N,NATGCNN,GATGCTC
3N,NATGCNN,GATGCTG
3N,NATGCNN,GATGCTT
3N,NATGCNN,TATGCAA
3N,NATGCNN,TATGCAC
3N,NATGCNN,TATGCAG
3N,NATGCNN,TATGCAT
3N,NATGCNN,TATGCCA
3N,NATGCNN,TATGCCC
3N,NATGCNN,TATGCCG
3N,NATGCNN,TATGCCT
3N,NATGCNN,TATGCGA
3N,NATGCNN,TATGCGC
3N,NATGCNN,TATGCGG
3N,NATGCNN,TATGCGT
3N,NATGCNN,TATGCTA
3N,NATGCNN,TATGCTC
3N,NATGCNN,TATGCTG
3N,NATGCNN,TATGCTT
3N,NNANACA,AAAAACA
3N,NNANACA,AAACACA
3N,NNANACA,AAAGACA
3N,NNANACA,AAATACA
3N,NNANACA,ACAAACA
3N,NNANACA,ACACACA
3N,NNANACA,ACAGACA
3N,NNANACA,ACATACA
3N,NNANACA,AGAAACA
3N,NNANACA,AGACACA
3N,NNANACA,AGAGACA
3N,NNANACA,AGATACA
3N,NNANACA,ATAAACA
3N,NNANACA,ATACACA
3N,NNANACA,ATAGACA
3N,NNANACA,ATATACA
3N,NNANACA,CAAAACA
3N,NNANACA,CAACACA
3N,NNANACA,CAAGACA
3N,NNANACA,CAATACA
3N,NNANACA,CCAAACA
3N,NNANACA,CCACACA
3N,NNANACA,CCAGACA
3N,NNANACA,CCATACA
3N,NNANACA,CGAAACA
3N,NNANACA,CGACACA
3N,NNANACA,CGAGACA
3N,NNANACA,CGATACA
3N,NNANACA,CTAAACA
3N,NNANACA,CTACACA
3N,NNANACA,CTAGACA
3N,NNANACA,CTATACA
3N,NNANACA,GAAAACA
3N,NNANACA,GAACACA
3N,NNANACA,GAAGACA
3N,NNANACA,GAATACA
3N,NNANACA,GCAAACA
3N,NNANACA,GCACACA
3N,NNANACA,GCAGACA
3N,NNANACA,GCATACA
3N,NNANACA,GGAAACA
3N,NNANACA,GGACACA
3N,NNANACA,GGAGACA
3N,NNANACA,GGATACA
3N,NNANACA,GTAAACA
3N,NNANACA,GTACACA
3N,NNANACA,GTAGACA
3N,NNANACA,GTATACA
3N,NNANACA,TAAAACA
3N,NNANACA,TAACACA
3N,NNANACA,TAAGACA
3N,NNANACA,TAATACA
3N,NNANACA,TCAAACA
3N,NNANACA,TCACACA
3N,NNANACA,TCAGACA
3N,NNANACA,TCATACA
3N,NNANACA,TGAAACA
3N,NNANACA,TGACACA
3N,NNANACA,TGAGACA
3N,NNANACA,TGATACA
3N,NNANACA,TTAAACA
3N,NNANACA,TTACACA
3N,NNANACA,TTAGACA
3N,NNANACA,TTATACA
3N,NANGCAN,AAAGCAA
3N,NANGCAN,AAAGCAC
3N,NANGCAN,AAAGCAG
3N,NANGCAN,AAAGCAT
3N,NANGCAN,AACGCAA
3N,NANGCAN,AACGCAC
3N,NANGCAN,AACGCAG
3N,NANGCAN,AACGCAT
3N,NANGCAN,AAGGCAA
3N,NANGCAN,AAGGCAC
3N,NANGCAN,AAGGCAG
3N,NANGCAN,AAGGCAT
3N,NANGCAN,AATGCAA
3N,NANGCAN,AATGCAC
3N,NANGCAN,AATGCAG
3N,NANGCAN,AATGCAT
3N,NANGCAN,CAAGCAA
3N,NANGCAN,CAAGCAC
3N,NANGCAN,CAAGCAG
3N,NANGCAN,CAAGCAT
3N,NANGCAN,CACGCAA
3N,NANGCAN,CACGCAC
3N,NANGCAN,CACGCAG
3N,NANGCAN,CACGCAT
3N,NANGCAN,CAGGCAA
3N,NANGCAN,CAGGCAC
3N,NANGCAN,CAGGCAG
3N,NANGCAN,CAGGCAT
3N,NANGCAN,CATGCAA
3N,NANGCAN,CATGCAC
3N,NANGCAN,CATGCAG
3N,NANGCAN,CATGCAT
3N,NANGCAN,GAAGCAA
3N,NANGCAN,GAAGCAC
3N,NANGCAN,GAAGCAG
3N,NANGCAN,GAAGCAT
3N,NANGCAN,GACGCAA
3N,NANGCAN,GACGCAC
3N,NANGCAN,GACGCAG
3N,NANGCAN,GACGCAT
3N,NANGCAN,GAGGCAA
3N,NANGCAN,GAGGCAC
3N,NANGCAN,GAGGCAG
3N,NANGCAN,GAGGCAT
3N,NANGCAN,GATGCAA
3N,NANGCAN,GATGCAC
3N,NANGCAN,GATGCAG
3N,NANGCAN,GATGCAT
3N,NANGCAN,TAAGCAA
3N,NANGCAN,TAAGCAC
3N,NANGCAN,TAAGCAG
3N,NANGCAN,TAAGCAT
3N,NANGCAN,TACGCAA
3N,NANGCAN,TACGCAC
3N,NANGCAN,TACGCAG
3N,NANGCAN,TACGCAT
3N,NANGCAN,TAGGCAA
3N,NANGCAN,TAGGCAC
3N,NANGCAN,TAGGCAG
3N,NANGCAN,TAGGCAT
3N,NANGCAN,TATGCAA
3N,NANGCAN,TATGCAC
3N,NANGCAN,TATGCAG
3N,NANGCAN,TATGCAT
3N,NNNAACA,AAAAACA
3N,NNNAACA,AACAACA
3N,NNNAACA,AAGAACA
3N,NNNAACA,AATAACA
3N,NNNAACA,ACAAACA
3N,NNNAACA,ACCAACA
3N,NNNAACA,ACGAACA
3N,NNNAACA,ACTAACA
3N,NNNAACA,AGAAACA
3N,NNNAACA,AGCAACA
3N,NNNAACA,AGGAACA
3N,NNNAACA,AGTAACA
3N,NNNAACA,ATAAACA
3N,NNNAACA,ATCAACA
3N,NNNAACA,ATGAACA
3N,NNNAACA,ATTAACA
3N,NNNAACA,CAAAACA
3N,NNNAACA,CACAACA
3N,NNNAACA,CAGAACA
3N,NNNAACA,CATAACA
3N,NNNAACA,CCAAACA
3N,NNNAACA,CCCAACA
3N,NNNAACA,CCGAACA
3N,NNNAACA,CCTAACA
3N,NNNAACA,CGAAACA
3N,NNNAACA,CGCAACA
3N,NNNAACA,CGGAACA
3N,NNNAACA,CGTAACA
3N,NNNAACA,CTAAACA
3N,NNNAACA,CTCAACA
3N,NNNAACA,CTGAACA
3N,NNNAACA,CTTAACA
3N,NNNAACA,GAAAACA
3N,NNNAACA,GACAACA
3N,NNNAACA,GAGAACA
3N,NNNAACA,GATAACA
3N,NNNAACA,GCAAACA
3N,NNNAACA,GCCAACA
3N,NNNAACA,GCGAACA
3N,NNNAACA,GCTAACA
3N,NNNAACA,GGAAACA
3N,NNNAACA,GGCAACA
3N,NNNAACA,GGGAACA
3N,NNNAACA,GGTAACA
3N,NNNAACA,GTAAACA
3N,NNNAACA,GTCAACA
3N,NNNAACA,GTGAACA
3N,NNNAACA,GTTAACA
3N,NNNAACA,TAAAACA
3N,NNNAACA,TACAACA
3N,NNNAACA,TAGAACA
3N,NNNAACA,TATAACA
3N,NNNAACA,TCAAACA
3N,NNNAACA,TCCAACA
3N,NNNAACA,TCGAACA
3N,NNNAACA,TCTAACA
3N,NNNAACA,TGAAACA
3N,NNNAACA,TGCAACA
3N,NNNAACA,TGGAACA
3N,NNNAACA,TGTAACA
3N,NNNAACA,TTAAACA
3N,NNNAACA,TTCAACA
3N,NNNAACA,TTGAACA
3N,NNNAACA,TTTAACA
3N,GANGCNN,GAAGCAA
3N,GANGCNN,GAAGCAC
3N,GANGCNN,GAAGCAG
3N,GANGCNN,GAAGCAT
3N,GANGCNN,GAAGCCA
3N,GANGCNN,GAAGCCC
3N,GANGCNN,GAAGCCG
3N,GANGCNN,GAAGCCT
3N,GANGCNN,GAAGCGA
3N,GANGCNN,GAAGCGC
3N,GANGCNN,GAAGCGG
3N,GANGCNN,GAAGCGT
3N,GANGCNN,GAAGCTA
3N,GANGCNN,GAAGCTC
3N,GANGCNN,GAAGCTG
3N,GANGCNN,GAAGCTT
3N,GANGCNN,GACGCAA
3N,GANGCNN,GACGCAC
3N,GANGCNN,GACGCAG
3N,GANGCNN,GACGCAT
3N,GANGCNN,GACGCCA
3N,GANGCNN,GACGCCC
3N,GANGCNN,GACGCCG
3N,GANGCNN,GACGCCT
3N,GANGCNN,GACGCGA
3N,GANGCNN,GACGCGC
3N,GANGCNN,GACGCGG
3N,GANGCNN,GACGCGT
3N,GANGCNN,GACGCTA
3N,GANGCNN,GACGCTC
3N,GANGCNN,GACGCTG
3N,GANGCNN,GACGCTT
3N,GANGCNN,GAGGCAA
3N,GANGCNN,GAGGCAC
3N,GANGCNN,GAGGCAG
3N,GANGCNN,GAGGCAT
3N,GANGCNN,GAGGCCA
3N,GANGCNN,GAGGCCC
3N,GANGCNN,GAGGCCG
3N,GANGCNN,GAGGCCT
3N,GANGCNN,GAGGCGA
3N,GANGCNN,GAGGCGC
3N,GANGCNN,GAGGCGG
3N,GANGCNN,GAGGCGT
3N,GANGCNN,GAGGCTA
3N,GANGCNN,GAGGCTC
3N,GANGCNN,GAGGCTG
3N,GANGCNN,GAGGCTT
3N,GANGCNN,GATGCAA
3N,GANGCNN,GATGCAC
3N,GANGCNN,GATGCAG
3N,GANGCNN,GATGCAT
3N,GANGCNN,GATGCCA
3N,GANGCNN,GATGCCC
3N,GANGCNN,GATGCCG
3N,GANGCNN,GATGCCT
3N,GANGCNN,GATGCGA
3N,GANGCNN,GATGCGC
3N,GANGCNN,GATGCGG
3N,GANGCNN,GATGCGT
3N,GANGCNN,GATGCTA
3N,GANGCNN,GATGCTC
3N,GANGCNN,GATGCTG
3N,GANGCNN,GATGCTT
3N,NANACAN,AAAACAA
3N,NANACAN,AAAACAC
3N,NANACAN,AAAACAG
3N,NANACAN,AAAACAT
3N,NANACAN,AACACAA
3N,NANACAN,AACACAC
3N,NANACAN,AACACAG
3N,NANACAN,AACACAT
3N,NANACAN,AAGACAA
3N,NANACAN,AAGACAC
3N,NANACAN,AAGACAG
3N,NANACAN,AAGACAT
3N,NANACAN,AATACAA
3N,NANACAN,AATACAC
3N,NANACAN,AATACAG
3N,NANACAN,AATACAT
3N,NANACAN,CAAACAA
3N,NANACAN,CAAACAC
3N,NANACAN,CAAACAG
3N,NANACAN,CAAACAT
3N,NANACAN,CACACAA
3N,NANACAN,CACACAC
3N,NANACAN,CACACAG
3N,NANACAN,CACACAT
3N,NANACAN,CAGACAA
3N,NANACAN,CAGACAC
3N,NANACAN,CAGACAG
3N,NANACAN,CAGACAT
3N,NANACAN,CATACAA
3N,NANACAN,CATACAC
3N,NANACAN,CATACAG
3N,NANACAN,CATACAT
3N,NANACAN,GAAACAA
3N,NANACAN,GAAACAC
3N,NANACAN,GAAACAG
3N,NANACAN,GAAACAT
3N,NANACAN,GACACAA
3N,NANACAN,GACACAC
3N,NANACAN,GACACAG
3N,NANACAN,GACACAT
3N,NANACAN,GAGACAA
3N,NANACAN,GAGACAC
3N,NANACAN,GAGACAG
3N,NANACAN,GAGACAT
3N,NANACAN,GATACAA
3N,NANACAN,GATACAC
3N,NANACAN,GATACAG
3N,NANACAN,GATACAT
3N,NANACAN,TAAACAA
3N,NANACAN,TAAACAC
3N,NANACAN,TAAACAG
3N,NANACAN,TAAACAT
3N,NANACAN,TACACAA
3N,NANACAN,TACACAC
3N,NANACAN,TACACAG
3N,NANACAN,TACACAT
3N,NANACAN,TAGACAA
3N,NANACAN,TAGACAC
3N,NANACAN,TAGACAG
3N,NANACAN,TAGACAT
3N,NANACAN,TATACAA
3N,NANACAN,TATACAC
3N,NANACAN,TATACAG
3N,NANACAN,TATACAT
3N,NNAACAN,AAAACAA
3N,NNAACAN,AAAACAC
3N,NNAACAN,AAAACAG
3N,NNAACAN,AAAACAT
3N,NNAACAN,ACAACAA
3N,NNAACAN,ACAACAC
3N,NNAACAN,ACAACAG
3N,NNAACAN,ACAACAT
3N,NNAACAN,AGAACAA
3N,NNAACAN,AGAACAC
3N,NNAACAN,AGAACAG
3N,NNAACAN,AGAACAT
3N,NNAACAN,ATAACAA
3N,NNAACAN,ATAACAC
3N,NNAACAN,ATAACAG
3N,NNAACAN,ATAACAT
3N,NNAACAN,CAAACAA
3N,NNAACAN,CAAACAC
3N,NNAACAN,CAAACAG
3N,NNAACAN,CAAACAT
3N,NNAACAN,CCAACAA
3N,NNAACAN,CCAACAC
3N,NNAACAN,CCAACAG
3N,NNAACAN,CCAACAT
3N,NNAACAN,CGAACAA
3N,NNAACAN,CGAACAC
3N,NNAACAN,CGAACAG
3N,NNAACAN,CGAACAT
3N,NNAACAN,CTAACAA
3N,NNAACAN,CTAACAC
3N,NNAACAN,CTAACAG
3N,NNAACAN,CTAACAT
3N,NNAACAN,GAAACAA
3N,NNAACAN,GAAACAC
3N,NNAACAN,GAAACAG
3N,NNAACAN,GAAACAT
3N,NNAACAN,GCAACAA
3N,NNAACAN,GCAACAC
3N,NNAACAN,GCAACAG
3N,NNAACAN,GCAACAT
3N,NNAACAN,GGAACAA
3N,NNAACAN,GGAACAC
3N,NNAACAN,GGAACAG
3N,NNAACAN,GGAACAT
3N,NNAACAN,GTAACAA
3N,NNAACAN,GTAACAC
3N,NNAACAN,GTAACAG
3N,NNAACAN,GTAACAT
3N,NNAACAN,TAAACAA
3N,NNAACAN,TAAACAC
3N,NNAACAN,TAAACAG
3N,NNAACAN,TAAACAT
3N,NNAACAN,TCAACAA
3N,NNAACAN,TCAACAC
3N,NNAACAN,TCAACAG
3N,NNAACAN,TCAACAT
3N,NNAACAN,TGAACAA
3N,NNAACAN,TGAACAC
3N,NNAACAN,TGAACAG
3N,NNAACAN,TGAACAT
3N,NNAACAN,TTAACAA
3N,NNAACAN,TTAACAC
3N,NNAACAN,TTAACAG
3N,NNAACAN,TTAACAT
3N,NANNACA,AAAAACA
3N,NANNACA,AAACACA
3N,NANNACA,AAAGACA
3N,NANNACA,AAATACA
3N,NANNACA,AACAACA
3N,NANNACA,AACCACA
3N,NANNACA,AACGACA
3N,NANNACA,AACTACA
3N,NANNACA,AAGAACA
3N,NANNACA,AAGCACA
3N,NANNACA,AAGGACA
3N,NANNACA,AAGTACA
3N,NANNACA,AATAACA
3N,NANNACA,AATCACA
3N,NANNACA,AATGACA
3N,NANNACA,AATTACA
3N,NANNACA,CAAAACA
3N,NANNACA,CAACACA
3N,NANNACA,CAAGACA
3N,NANNACA,CAATACA
3N,NANNACA,CACAACA
3N,NANNACA,CACCACA
3N,NANNACA,CACGACA
3N,NANNACA,CACTACA
3N,NANNACA,CAGAACA
3N,NANNACA,CAGCACA
3N,NANNACA,CAGGACA
3N,NANNACA,CAGTACA
3N,NANNACA,CATAACA
3N,NANNACA,CATCACA
3N,NANNACA,CATGACA
3N,NANNACA,CATTACA
3N,NANNACA,GAAAACA
3N,NANNACA,GAACACA
3N,NANNACA,GAAGACA
3N,NANNACA,GAATACA
3N,NANNACA,GACAACA
3N,NANNACA,GACCACA
3N,NANNACA,GACGACA
3N,NANNACA,GACTACA
3N,NANNACA,GAGAACA
3N,NANNACA,GAGCACA
3N,NANNACA,GAGGACA
3N,NANNACA,GAGTACA
3N,NANNACA,GATAACA
3N,NANNACA,GATCACA
3N,NANNACA,GATGACA
3N,NANNACA,GATTACA
3N,NANNACA,TAAAACA
3N,NANNACA,TAACACA
3N,NANNACA,TAAGACA
3N,NANNACA,TAATACA
3N,NANNACA,TACAACA
3N,NANNACA,TACCACA
3N,NANNACA,TACGACA
3N,NANNACA,TACTACA
3N,NANNACA,TAGAACA
3N,NANNACA,TAGCACA
3N,NANNACA,TAGGACA
3N,NANNACA,TAGTACA
3N,NANNACA,TATAACA
3N,NANNACA,TATCACA
3N,NANNACA,TATGACA
3N,NANNACA,TATTACA
3N,CANGCNN,CAAGCAA
3N,CANGCNN,CAAGCAC
3N,CANGCNN,CAAGCAG
3N,CANGCNN,CAAGCAT
3N,CANGCNN,CAAGCCA
3N,CANGCNN,CAAGCCC
3N,CANGCNN,CAAGCCG
3N,CANGCNN,CAAGCCT
3N,CANGCNN,CAAGCGA
3N,CANGCNN,CAAGCGC
3N,CANGCNN,CAAGCGG
3N,CANGCNN,CAAGCGT
3N,CANGCNN,CAAGCTA
3N,CANGCNN,CAAGCTC
3N,CANGCNN,CAAGCTG
3N,CANGCNN,CAAGCTT
3N,CANGCNN,CACGCAA
3N,CANGCNN,CACGCAC
3N,CANGCNN,CACGCAG
3N,CANGCNN,CACGCAT
3N,CANGCNN,CACGCCA
3N,CANGCNN,CACGCCC
3N,CANGCNN,CACGCCG
3N,CANGCNN,CACGCCT
3N,CANGCNN,CACGCGA
3N,CANGCNN,CACGCGC
3N,CANGCNN,CACGCGG
3N,CANGCNN,CACGCGT
3N,CANGCNN,CACGCTA
3N,CANGCNN,CACGCTC
3N,CANGCNN,CACGCTG
3N,CANGCNN,CACGCTT
3N,CANGCNN,CAGGCAA
3N,CANGCNN,CAGGCAC
3N,CANGCNN,CAGGCAG
3N,CANGCNN,CAGGCAT
3N,CANGCNN,CAGGCCA
3N,CANGCNN,CAGGCCC
3N,CANGCNN,CAGGCCG
3N,CANGCNN,CAGGCCT
3N,CANGCNN,CAGGCGA
3N,CANGCNN,CAGGCGC
3N,CANGCNN,CAGGCGG
3N,CANGCNN,CAGGCGT
3N,CANGCNN,CAGGCTA
3N,CANGCNN,CAGGCTC
3N,CANGCNN,CAGGCTG
3N,CANGCNN,CAGGCTT
3N,CANGCNN,CATGCAA
3N,CANGCNN,CATGCAC
3N,CANGCNN,CATGCAG
3N,CANGCNN,CATGCAT
3N,CANGCNN,CATGCCA
3N,CANGCNN,CATGCCC
3N,CANGCNN,CATGCCG
3N,CANGCNN,CATGCCT
3N,CANGCNN,CATGCGA
3N,CANGCNN,CATGCGC
3N,CANGCNN,CATGCGG
3N,CANGCNN,CATGCGT
3N,CANGCNN,CATGCTA
3N,CANGCNN,CATGCTC
3N,CANGCNN,CATGCTG
3N,CANGCNN,CATGCTT
